-- phpMyAdmin SQL Dump
-- version 5.2.0
-- https://www.phpmyadmin.net/
--
-- Host: localhost:3306
-- Generation Time: Mar 23, 2026 at 12:23 PM
-- Server version: 8.0.30
-- PHP Version: 8.1.10

SET SQL_MODE = "NO_AUTO_VALUE_ON_ZERO";
START TRANSACTION;
SET time_zone = "+00:00";


/*!40101 SET @OLD_CHARACTER_SET_CLIENT=@@CHARACTER_SET_CLIENT */;
/*!40101 SET @OLD_CHARACTER_SET_RESULTS=@@CHARACTER_SET_RESULTS */;
/*!40101 SET @OLD_COLLATION_CONNECTION=@@COLLATION_CONNECTION */;
/*!40101 SET NAMES utf8mb4 */;

--
-- Database: `webtrasua`
--

-- --------------------------------------------------------

--
-- Table structure for table `binh_luans`
--

CREATE TABLE `binh_luans` (
  `id` int NOT NULL,
  `san_pham_id` int NOT NULL,
  `tai_khoan_id` int NOT NULL,
  `noi_dung` text NOT NULL,
  `ngay_dang` date NOT NULL,
  `trang_thai` tinyint(1) DEFAULT '1'
) ENGINE=InnoDB DEFAULT CHARSET=utf8mb4 COLLATE=utf8mb4_0900_ai_ci;

--
-- Dumping data for table `binh_luans`
--

INSERT INTO `binh_luans` (`id`, `san_pham_id`, `tai_khoan_id`, `noi_dung`, `ngay_dang`, `trang_thai`) VALUES
(1, 2, 4, 'Ngon ', '2026-03-18', 1);

-- --------------------------------------------------------

--
-- Table structure for table `chi_tiet_don_hangs`
--

CREATE TABLE `chi_tiet_don_hangs` (
  `id` int NOT NULL,
  `don_hang_id` int NOT NULL,
  `san_pham_id` int NOT NULL,
  `don_gia` decimal(10,2) NOT NULL,
  `so_luong` int NOT NULL,
  `thanh_tien` decimal(10,2) NOT NULL
) ENGINE=InnoDB DEFAULT CHARSET=utf8mb4 COLLATE=utf8mb4_0900_ai_ci;

-- --------------------------------------------------------

--
-- Table structure for table `chi_tiet_gio_hangs`
--

CREATE TABLE `chi_tiet_gio_hangs` (
  `id` int NOT NULL,
  `gio_hang_id` int NOT NULL,
  `san_pham_id` int NOT NULL,
  `so_luong` int NOT NULL
) ENGINE=InnoDB DEFAULT CHARSET=utf8mb4 COLLATE=utf8mb4_0900_ai_ci;

-- --------------------------------------------------------

--
-- Table structure for table `chuc_vus`
--

CREATE TABLE `chuc_vus` (
  `id` int NOT NULL,
  `ten_chuc_vu` varchar(255) NOT NULL
) ENGINE=InnoDB DEFAULT CHARSET=utf8mb4 COLLATE=utf8mb4_0900_ai_ci;

--
-- Dumping data for table `chuc_vus`
--

INSERT INTO `chuc_vus` (`id`, `ten_chuc_vu`) VALUES
(1, 'Quản trị viên'),
(2, 'Khách hàng');

-- --------------------------------------------------------

--
-- Table structure for table `danh_mucs`
--

CREATE TABLE `danh_mucs` (
  `id` int NOT NULL,
  `ten_danh_muc` varchar(255) NOT NULL,
  `mo_ta` text
) ENGINE=InnoDB DEFAULT CHARSET=utf8mb4 COLLATE=utf8mb4_0900_ai_ci;

--
-- Dumping data for table `danh_mucs`
--

INSERT INTO `danh_mucs` (`id`, `ten_danh_muc`, `mo_ta`) VALUES
(1, 'Trà sữa truyền thống', NULL),
(2, 'Trà trái cây', NULL),
(3, 'Trà sữa đặc biệt', NULL),
(4, 'Đồ uống đá xay', NULL),
(5, 'Topping', NULL),
(6, 'Combo', NULL),
(7, 'Đồ ăn vặt (tùy chọn)', NULL);

-- --------------------------------------------------------

--
-- Table structure for table `don_hangs`
--

CREATE TABLE `don_hangs` (
  `id` int NOT NULL,
  `ma_don_hang` varchar(50) NOT NULL,
  `tai_khoan_id` int NOT NULL,
  `ten_nguoi_nhan` varchar(255) NOT NULL,
  `email_nguoi_nhan` varchar(255) CHARACTER SET utf8mb4 COLLATE utf8mb4_0900_ai_ci NOT NULL,
  `sdt_nguoi_nhan` varchar(15) NOT NULL,
  `dia_chi_nguoi_nhan` text NOT NULL,
  `ngay_dat` date NOT NULL,
  `tong_tien` decimal(10,2) NOT NULL,
  `ghi_chu` text,
  `phuong_thuc_thanh_toan_id` int NOT NULL,
  `trang_thai_id` int NOT NULL
) ENGINE=InnoDB DEFAULT CHARSET=utf8mb4 COLLATE=utf8mb4_0900_ai_ci;

--
-- Dumping data for table `don_hangs`
--

INSERT INTO `don_hangs` (`id`, `ma_don_hang`, `tai_khoan_id`, `ten_nguoi_nhan`, `email_nguoi_nhan`, `sdt_nguoi_nhan`, `dia_chi_nguoi_nhan`, `ngay_dat`, `tong_tien`, `ghi_chu`, `phuong_thuc_thanh_toan_id`, `trang_thai_id`) VALUES
(1, 'TE-123', 4, 'Nguyễn Văn Nam', 'group5@gmail.com', '0987654321', '13 Trịnh Văn Bô, Hà Nội', '2026-03-14', '50000.00', 'Tra sua ban chay nhat the gioi', 1, 1),
(2, 'TE-125', 4, 'Nguyễn Văn Nam', 'group5@gmail.com', '0987654321', '13 Trịnh Văn Bô, Hà Nội', '2026-03-14', '100000.00', 'Tra sua ban chay nhat the gioi by group5', 1, 2);

-- --------------------------------------------------------

--
-- Table structure for table `gio_hangs`
--

CREATE TABLE `gio_hangs` (
  `id` int NOT NULL,
  `tai_khoan_id` int NOT NULL
) ENGINE=InnoDB DEFAULT CHARSET=utf8mb4 COLLATE=utf8mb4_0900_ai_ci;

-- --------------------------------------------------------

--
-- Table structure for table `hinh_anh_san_phams`
--

CREATE TABLE `hinh_anh_san_phams` (
  `id` int NOT NULL,
  `san_pham_id` int NOT NULL,
  `link_hinh_anh` varchar(255) NOT NULL
) ENGINE=InnoDB DEFAULT CHARSET=utf8mb4 COLLATE=utf8mb4_0900_ai_ci;

--
-- Dumping data for table `hinh_anh_san_phams`
--

INSERT INTO `hinh_anh_san_phams` (`id`, `san_pham_id`, `link_hinh_anh`) VALUES
(1, 1, './uploads/1774268501Ảnh chụp màn hình 2026-01-28 131038.png'),
(2, 2, './uploads/1773387148Ảnh chụp màn hình 2026-01-28 130812.png'),
(3, 3, './uploads/1773399221Ảnh chụp màn hình 2026-01-28 160146.png'),
(5, 1, './uploads/1774268518Ảnh chụp màn hình 2026-01-28 130812.png'),
(6, 1, './uploads/1774268518Ảnh chụp màn hình 2026-03-13 233700.png');

-- --------------------------------------------------------

--
-- Table structure for table `phuong_thuc_thanh_toans`
--

CREATE TABLE `phuong_thuc_thanh_toans` (
  `id` int NOT NULL,
  `ten_phuong_thuc` varchar(255) NOT NULL
) ENGINE=InnoDB DEFAULT CHARSET=utf8mb4 COLLATE=utf8mb4_0900_ai_ci;

--
-- Dumping data for table `phuong_thuc_thanh_toans`
--

INSERT INTO `phuong_thuc_thanh_toans` (`id`, `ten_phuong_thuc`) VALUES
(1, 'COD(Thanh toán khi nhận hàng)'),
(2, 'Thanh toán VNpay');

-- --------------------------------------------------------

--
-- Table structure for table `san_phams`
--

CREATE TABLE `san_phams` (
  `id` int NOT NULL,
  `ten_san_pham` varchar(255) NOT NULL,
  `gia_san_pham` decimal(10,2) NOT NULL,
  `gia_khuyen_mai` decimal(10,2) DEFAULT NULL,
  `hinh_anh` text CHARACTER SET utf8mb4 COLLATE utf8mb4_0900_ai_ci,
  `so_luong` int NOT NULL,
  `luot_xem` int DEFAULT '0',
  `ngay_nhap` date NOT NULL,
  `mo_ta` text,
  `danh_muc_id` int NOT NULL,
  `trang_thai` tinyint NOT NULL DEFAULT '1'
) ENGINE=InnoDB DEFAULT CHARSET=utf8mb4 COLLATE=utf8mb4_0900_ai_ci;

--
-- Dumping data for table `san_phams`
--

INSERT INTO `san_phams` (`id`, `ten_san_pham`, `gia_san_pham`, `gia_khuyen_mai`, `hinh_anh`, `so_luong`, `luot_xem`, `ngay_nhap`, `mo_ta`, `danh_muc_id`, `trang_thai`) VALUES
(1, 'Trà sữa trân châu', '25000.00', NULL, NULL, 492, 9900, '2026-03-09', NULL, 1, 1),
(2, 'Trà đào cam sả', '25000.00', '21000.00', './uploads/1773402098tải xuống(1).jpg', 354, 8844, '2026-03-09', '', 2, 1),
(3, 'Socola đá xay', '25000.00', '20000.00', './uploads/1773402043tải xuống.jpg', 793, 0, '2026-03-13', '', 4, 1),
(4, 'zettezet555', '85686.00', '5555.00', './uploads/1774067612OIP.jpg', 56, 0, '2026-03-13', '', 6, 1),
(5, 'ádad', '2352525.00', '123412.00', './uploads/1774067678Ảnh chụp màn hình 2026-03-16 214908.png', 132, 0, '2026-03-17', '', 5, 1);

-- --------------------------------------------------------

--
-- Table structure for table `tai_khoans`
--

CREATE TABLE `tai_khoans` (
  `id` int NOT NULL,
  `ho_ten` varchar(255) NOT NULL,
  `anh_dai_dien` text CHARACTER SET utf8mb4 COLLATE utf8mb4_0900_ai_ci,
  `ngay_sinh` date DEFAULT NULL,
  `email` varchar(255) NOT NULL,
  `so_dien_thoai` varchar(10) CHARACTER SET utf8mb4 COLLATE utf8mb4_0900_ai_ci DEFAULT NULL,
  `gioi_tinh` tinyint(1) NOT NULL DEFAULT '1',
  `dia_chi` text CHARACTER SET utf8mb4 COLLATE utf8mb4_0900_ai_ci,
  `mat_khau` varchar(255) NOT NULL,
  `chuc_vu_id` int NOT NULL,
  `trang_thai` tinyint(1) NOT NULL DEFAULT '1'
) ENGINE=InnoDB DEFAULT CHARSET=utf8mb4 COLLATE=utf8mb4_0900_ai_ci;

--
-- Dumping data for table `tai_khoans`
--

INSERT INTO `tai_khoans` (`id`, `ho_ten`, `anh_dai_dien`, `ngay_sinh`, `email`, `so_dien_thoai`, `gioi_tinh`, `dia_chi`, `mat_khau`, `chuc_vu_id`, `trang_thai`) VALUES
(1, 'Nguyễn Văn Leo Messi', NULL, '1999-08-17', 'group5@fpt.edu.vn', '034343422', 1, 'Số 1 Tp.HCM', '$2y$10$.ZOZZUbwhES4wvt.Awn.nO1/fF0GVC4yXw8d88dU9FHIi6xF7zuyO', 1, 1),
(2, 'Nguyễn Văn Tú', NULL, '2010-12-08', 'tu@gmail.com', '', 1, '', '123456', 1, 1),
(4, 'Nguyễn Văn Văn', NULL, '2000-12-08', 'vandt8@gmail.com', '238423980', 1, 'Hà Nội', '$2y$10$ZOv7qA9V1MQRyyOLNjVkHuCrgjkUj62UbspvzlNbybW.qUaJ86yBy', 2, 1),
(5, 'Nguyễn Văn Đinh', NULL, NULL, 'đinhv7@gmail.com', NULL, 1, NULL, '$2y$10$yzPmmCoNopc.b.UCGaVOMOb8.T8exv7O2pvEhS72CtenSzmrmal8O', 1, 1),
(7, 'Nguyễn Văn An', NULL, NULL, 'sv6@gmail.com', NULL, 1, NULL, '$2y$10$VbWpqnqFpgByfa/TlCB4z.4kUP5Ejqz6L1IzA8R9/xxPwYrmmBUVy', 1, 1),
(8, 'Nguyễn Văn A', NULL, NULL, 'sv1@gmail.com', NULL, 1, NULL, '$2y$10$ZsJxOSp8ksyqfF5gx7JPc.KX1kyjwt0FRsSe1nVtaJ6poyrDBv.uu', 1, 1);

-- --------------------------------------------------------

--
-- Table structure for table `trang_thai_don_hangs`
--

CREATE TABLE `trang_thai_don_hangs` (
  `id` int NOT NULL,
  `ten_trang_thai` varchar(255) NOT NULL
) ENGINE=InnoDB DEFAULT CHARSET=utf8mb4 COLLATE=utf8mb4_0900_ai_ci;

--
-- Dumping data for table `trang_thai_don_hangs`
--

INSERT INTO `trang_thai_don_hangs` (`id`, `ten_trang_thai`) VALUES
(1, 'Chưa xác nhận'),
(2, 'đã xác nhận'),
(3, 'Chưa thanh toán'),
(4, 'Đã thanh toán'),
(5, 'Đang chuẩn bị hàng'),
(6, 'Đang giao'),
(7, 'Đã giao'),
(8, 'Đã nhận'),
(9, 'Thành công'),
(10, 'Hoàn hàng'),
(11, 'Hủy đơn');

--
-- Indexes for dumped tables
--

--
-- Indexes for table `binh_luans`
--
ALTER TABLE `binh_luans`
  ADD PRIMARY KEY (`id`);

--
-- Indexes for table `chi_tiet_don_hangs`
--
ALTER TABLE `chi_tiet_don_hangs`
  ADD PRIMARY KEY (`id`);

--
-- Indexes for table `chi_tiet_gio_hangs`
--
ALTER TABLE `chi_tiet_gio_hangs`
  ADD PRIMARY KEY (`id`);

--
-- Indexes for table `chuc_vus`
--
ALTER TABLE `chuc_vus`
  ADD PRIMARY KEY (`id`);

--
-- Indexes for table `danh_mucs`
--
ALTER TABLE `danh_mucs`
  ADD PRIMARY KEY (`id`);

--
-- Indexes for table `don_hangs`
--
ALTER TABLE `don_hangs`
  ADD PRIMARY KEY (`id`);

--
-- Indexes for table `gio_hangs`
--
ALTER TABLE `gio_hangs`
  ADD PRIMARY KEY (`id`);

--
-- Indexes for table `hinh_anh_san_phams`
--
ALTER TABLE `hinh_anh_san_phams`
  ADD PRIMARY KEY (`id`);

--
-- Indexes for table `phuong_thuc_thanh_toans`
--
ALTER TABLE `phuong_thuc_thanh_toans`
  ADD PRIMARY KEY (`id`);

--
-- Indexes for table `san_phams`
--
ALTER TABLE `san_phams`
  ADD PRIMARY KEY (`id`);

--
-- Indexes for table `tai_khoans`
--
ALTER TABLE `tai_khoans`
  ADD PRIMARY KEY (`id`),
  ADD UNIQUE KEY `email` (`email`);

--
-- Indexes for table `trang_thai_don_hangs`
--
ALTER TABLE `trang_thai_don_hangs`
  ADD PRIMARY KEY (`id`);

--
-- AUTO_INCREMENT for dumped tables
--

--
-- AUTO_INCREMENT for table `binh_luans`
--
ALTER TABLE `binh_luans`
  MODIFY `id` int NOT NULL AUTO_INCREMENT, AUTO_INCREMENT=2;

--
-- AUTO_INCREMENT for table `chi_tiet_don_hangs`
--
ALTER TABLE `chi_tiet_don_hangs`
  MODIFY `id` int NOT NULL AUTO_INCREMENT;

--
-- AUTO_INCREMENT for table `chi_tiet_gio_hangs`
--
ALTER TABLE `chi_tiet_gio_hangs`
  MODIFY `id` int NOT NULL AUTO_INCREMENT;

--
-- AUTO_INCREMENT for table `chuc_vus`
--
ALTER TABLE `chuc_vus`
  MODIFY `id` int NOT NULL AUTO_INCREMENT, AUTO_INCREMENT=3;

--
-- AUTO_INCREMENT for table `danh_mucs`
--
ALTER TABLE `danh_mucs`
  MODIFY `id` int NOT NULL AUTO_INCREMENT, AUTO_INCREMENT=8;

--
-- AUTO_INCREMENT for table `don_hangs`
--
ALTER TABLE `don_hangs`
  MODIFY `id` int NOT NULL AUTO_INCREMENT, AUTO_INCREMENT=3;

--
-- AUTO_INCREMENT for table `gio_hangs`
--
ALTER TABLE `gio_hangs`
  MODIFY `id` int NOT NULL AUTO_INCREMENT;

--
-- AUTO_INCREMENT for table `hinh_anh_san_phams`
--
ALTER TABLE `hinh_anh_san_phams`
  MODIFY `id` int NOT NULL AUTO_INCREMENT, AUTO_INCREMENT=7;

--
-- AUTO_INCREMENT for table `phuong_thuc_thanh_toans`
--
ALTER TABLE `phuong_thuc_thanh_toans`
  MODIFY `id` int NOT NULL AUTO_INCREMENT, AUTO_INCREMENT=3;

--
-- AUTO_INCREMENT for table `san_phams`
--
ALTER TABLE `san_phams`
  MODIFY `id` int NOT NULL AUTO_INCREMENT, AUTO_INCREMENT=6;

--
-- AUTO_INCREMENT for table `tai_khoans`
--
ALTER TABLE `tai_khoans`
  MODIFY `id` int NOT NULL AUTO_INCREMENT, AUTO_INCREMENT=9;

--
-- AUTO_INCREMENT for table `trang_thai_don_hangs`
--
ALTER TABLE `trang_thai_don_hangs`
  MODIFY `id` int NOT NULL AUTO_INCREMENT, AUTO_INCREMENT=12;
COMMIT;

/*!40101 SET CHARACTER_SET_CLIENT=@OLD_CHARACTER_SET_CLIENT */;
/*!40101 SET CHARACTER_SET_RESULTS=@OLD_CHARACTER_SET_RESULTS */;
/*!40101 SET COLLATION_CONNECTION=@OLD_COLLATION_CONNECTION */;
